GENE_SYMBOL	COSMIC_GENE_ID	TRANSCRIPT_ACCESSION	COSMIC_SAMPLE_ID	SAMPLE_NAME	COSMIC_PHENOTYPE_ID	GENOMIC_MUTATION_ID	LEGACY_MUTATION_ID	MUTATION_ID	MUTATION_CDS	MUTATION_AA	MUTATION_DESCRIPTION	MUTATION_ZYGOSITY	LOH	CHROMOSOME	GENOME_START	GENOME_STOP	STRAND	PUBMED_PMID	COSMIC_STUDY_ID	HGVSP	HGVSC	HGVSG	GENOMIC_WT_ALLELE	GENOMIC_MUT_ALLELE	MUTATION_SOMATIC_STATUS
MYOD1	COSG18517	ENST00000250003.3	COSS2197831	TCGA-FR-A726-01	COSO32666078	COSV100000474	COSM7966528	20728886	c.723G>A	p.G241=	synonymous_variant		u	11	17742815	17742815	+		COSU540	ENSP00000250003.3:p.Gly241=	ENST00000250003.3:c.723G>A	11:g.17742815G>A	G	A	Confirmed somatic variant
MYOD1	COSG18517	ENST00000250003.3	COSS2970751	IID_H198444	COSO279811279	COSV108755142	COSM10786332	20728891	c.220G>C	p.G74R	missense_variant		u	11	17741549	17741549	+	36723991		ENSP00000250003.3:p.Gly74Arg	ENST00000250003.3:c.220G>C	11:g.17741549G>C	G	C	Confirmed somatic variant
MYOD1	COSG18517	ENST00000250003.3	COSS1781859	TCGA-51-4079-01	COSO29914830	COSV51454171	COSM687035	20728897	c.366G>A	p.L122=	synonymous_variant		u	11	17741695	17741695	+		COSU418	ENSP00000250003.3:p.Leu122=	ENST00000250003.3:c.366G>A	11:g.17741695G>A	G	A	Confirmed somatic variant
MYOD1	COSG18517	ENST00000250003.3	COSS2948320	2948320	COSO29915674	COSV107221983	COSM10315770	20728908	c.496G>T	p.D166Y	missense_variant		u	11	17741825	17741825	+	29657128		ENSP00000250003.3:p.Asp166Tyr	ENST00000250003.3:c.496G>T	11:g.17741825G>T	G	T	Confirmed somatic variant
MYOD1	COSG18517	ENST00000250003.3	COSS2997007	2997007	COSO28614826	COSV109565237	COSM10916255	20728915	c.638A>G	p.Y213C	missense_variant		u	11	17742456	17742456	+	38023196		ENSP00000250003.3:p.Tyr213Cys	ENST00000250003.3:c.638A>G	11:g.17742456A>G	A	G	Confirmed somatic variant
MYOD1	COSG18517	ENST00000250003.3	COSS3001741	S0001160	COSO28694826	COSV51455320	COSM2092136	20727933	c.731C>T	p.A244V	missense_variant		u	11	17742823	17742823	+	35459861		ENSP00000250003.3:p.Ala244Val	ENST00000250003.3:c.731C>T	11:g.17742823C>T	C	T	Confirmed somatic variant
MYOD1	COSG18517	ENST00000250003.3	COSS2977539	2977539	COSO29914826	COSV109407084	COSM10848250	20728926	c.463C>T	p.R155C	missense_variant		u	11	17741792	17741792	+	38770632		ENSP00000250003.3:p.Arg155Cys	ENST00000250003.3:c.463C>T	11:g.17741792C>T	C	T	Confirmed somatic variant
MYOD1	COSG18517	ENST00000250003.3	COSS2193255	TCGA-GU-A42Q-01	COSO27964862	COSV100000415	COSN31505116	20728542	c.-37G>T	p.?	5_prime_UTR_variant		u	11	17741293	17741293	+		COSU413		ENST00000250003.3:c.-37G>T	11:g.17741293G>T	G	T	Confirmed somatic variant
MYOD1	COSG18517	ENST00000250003.3	COSS2830053	P-0007183-T01-IM5	COSO283910667	COSV51453416	COSM6956648	20727904	c.697G>A	p.E233K	missense_variant		u	11	17742515	17742515	+	30205045		ENSP00000250003.3:p.Glu233Lys	ENST00000250003.3:c.697G>A	11:g.17742515G>A	G	A	Confirmed somatic variant
MYOD1	COSG18517	ENST00000250003.3	COSS2433490	I2L-P7-Tumor-Organoid	COSO28544826	COSV51454942	COSM5361018	20728943	c.121C>T	p.R41C	missense_variant	het	u	11	17741450	17741450	+	25957691		ENSP00000250003.3:p.Arg41Cys	ENST00000250003.3:c.121C>T	11:g.17741450C>T	C	T	Confirmed somatic variant
MYOD1	COSG18517	ENST00000250003.3	COSS2976437	PASTKW_D	COSO27774843	COSV51452998	COSM1286466	20726946	c.494G>T	p.R165L	missense_variant		u	11	17741823	17741823	+	33056981		ENSP00000250003.3:p.Arg165Leu	ENST00000250003.3:c.494G>T	11:g.17741823G>T	G	T	Variant of unknown origin
MYOD1	COSG18517	ENST00000250003.3	COSS2748167	195	COSO36004862	COSV100000279	COSM8484825	20728950	c.450G>A	p.L150=	synonymous_variant		u	11	17741779	17741779	+		COSU683	ENSP00000250003.3:p.Leu150=	ENST00000250003.3:c.450G>A	11:g.17741779G>A	G	A	Confirmed somatic variant
MYOD1	COSG18517	ENST00000250003.3	COSS2966425	C3H-2-H-8	COSO31396522	COSV100000248	COSM9029913	20726750	c.362G>A	p.R121H	missense_variant		u	11	17741691	17741691	+	38039962		ENSP00000250003.3:p.Arg121His	ENST00000250003.3:c.362G>A	11:g.17741691G>A	G	A	Confirmed somatic variant
MYOD1	COSG18517	ENST00000250003.3	COSS2727058	P-0011471-T01-IM5	COSO29914826	COSV51452759	COSM6981292	20727128	c.261C>A	p.H87Q	missense_variant	het	u	11	17741590	17741590	+	28481359		ENSP00000250003.3:p.His87Gln	ENST00000250003.3:c.261C>A	11:g.17741590C>A	C	A	Confirmed somatic variant
FLT4	COSG5045	ENST00000261937.6	COSS2902098	EOSRC-IN-2603	COSO28664826	COSV105855248	COSM9979607	20762114	c.3331G>A	p.G1111R	missense_variant,splice_region_variant		u	5	180041068	180041068	-	33262464		ENSP00000261937.6:p.Gly1111Arg	ENST00000261937.6:c.3331G>A	5:g.180041068C>T	C	T	Confirmed somatic variant
FLT4	COSG5045	ENST00000261937.6	COSS2936838	p86-BL	COSO29914830	COSV106329867	COSM10175674	20762127	c.3331+8C>A	p.?	intron_variant,splice_region_variant		u	5	180041060	180041060	-	35902848			ENST00000261937.6:c.3331+8C>A	5:g.180041060G>T	G	T	Confirmed somatic variant
FLT4	COSG5045	ENST00000261937.6	COSS2196266	AOCS-147-1-1	COSO30135473	COSV56112663	COSN9423058	20762145	c.*211C>G	p.?	3_prime_UTR_variant		u	5	180029981	180029981	-		COSU585		ENST00000261937.6:c.*211C>G	5:g.180029981G>C	G	C	Confirmed somatic variant
FLT4	COSG5045	ENST00000261937.6	COSS2197503	ICGC_MB74	COSO28245255	COSV56120090	COSN6585054	20762154	c.58+709G>A	p.?	intron_variant		u	5	180075779	180075779	-		COSU379		ENST00000261937.6:c.58+709G>A	5:g.180075779C>T	C	T	Confirmed somatic variant
FLT4	COSG5045	ENST00000261937.6	COSS2385653	ML_79_T_01	COSO32664862	COSV56112680	COSN18003673	20762162	c.59-150T>G	p.?	intron_variant		u	5	180058928	180058928	-		COSU656		ENST00000261937.6:c.59-150T>G	5:g.180058928A>C	A	C	Confirmed somatic variant
FLT4	COSG5045	ENST00000261937.6	COSS2385653	ML_79_T_01	COSO32664862	COSV56112690	COSN18005374	20762176	c.59-185C>T	p.?	intron_variant		u	5	180058963	180058963	-		COSU656		ENST00000261937.6:c.59-185C>T	5:g.180058963G>A	G	A	Confirmed somatic variant
FLT4	COSG5045	ENST00000261937.6	COSS2456740	sysucc-657T	COSO28864826	COSV56118998	COSN19695472	20762183	c.3331+150C>T	p.?	intron_variant		u	5	180040918	180040918	-		COSU646		ENST00000261937.6:c.3331+150C>T	5:g.180040918G>A	G	A	Confirmed somatic variant
FLT4	COSG5045	ENST00000261937.6	COSS2457453	TCGA-T9-A92H-01	COSO28584826	COSV99987558	COSM7581431	20762189	c.3208C>A	p.R1070S	missense_variant		u	5	180043378	180043378	-		COSU376	ENSP00000261937.6:p.Arg1070Ser	ENST00000261937.6:c.3208C>A	5:g.180043378G>T	G	T	Confirmed somatic variant
FLT4	COSG5045	ENST00000261937.6	COSS2492725	2492725	COSO32666078	COSV56107965	COSM1293141	20761861	c.521C>T	p.S174L	missense_variant		u	5	180057098	180057098	-	26286987		ENSP00000261937.6:p.Ser174Leu	ENST00000261937.6:c.521C>T	5:g.180057098G>A	G	A	Confirmed somatic variant
FLT4	COSG5045	ENST00000261937.6	COSS2634212	LICA-CN-HCC_WGS_005T	COSO29824888	COSV56107985	COSN26609862	20762225	c.58+7226G>T	p.?	intron_variant		u	5	180069262	180069262	-		COSU660		ENST00000261937.6:c.58+7226G>T	5:g.180069262C>A	C	A	Confirmed somatic variant
FLT4	COSG5045	ENST00000261937.6	COSS2658256	T3262	COSO28864826	COSV56115247	COSM4685064	20762234	c.2118G>A	p.A706=	synonymous_variant		u	5	180048155	180048155	-	27149842		ENSP00000261937.6:p.Ala706=	ENST00000261937.6:c.2118G>A	5:g.180048155C>T	C	T	Confirmed somatic variant
FLT4	COSG5045	ENST00000261937.6	COSS2658291	T261	COSO28864826	COSV56103839	COSM3854387	20762266	c.1133G>A	p.R378H	missense_variant		u	5	180053236	180053236	-	27149842		ENSP00000261937.6:p.Arg378His	ENST00000261937.6:c.1133G>A	5:g.180053236C>T	C	T	Confirmed somatic variant
FLT4	COSG5045	ENST00000261937.6	COSS2658762	T429	COSO28864826	COSV56107637	COSM3012471	20762292	c.1765C>T	p.R589C	missense_variant		u	5	180048797	180048797	-	27149842		ENSP00000261937.6:p.Arg589Cys	ENST00000261937.6:c.1765C>T	5:g.180048797G>A	G	A	Confirmed somatic variant
FLT4	COSG5045	ENST00000261937.6	COSS2724783	P-0008728-T01-IM5	COSO32666078	COSV56100260	COSM3854402	20761505	c.271C>T	p.P91S	missense_variant	het	u	5	180057684	180057684	-	28481359		ENSP00000261937.6:p.Pro91Ser	ENST00000261937.6:c.271C>T	5:g.180057684G>A	G	A	Confirmed somatic variant
FLT4	COSG5045	ENST00000261937.6	COSS2725115	P-0009137-T01-IM5	COSO28395288	COSV56119167	COSM6966992	20762341	c.2957C>G	p.S986W	missense_variant	het	u	5	180045814	180045814	-	28481359		ENSP00000261937.6:p.Ser986Trp	ENST00000261937.6:c.2957C>G	5:g.180045814G>C	G	C	Confirmed somatic variant
FLT4	COSG5045	ENST00000261937.6	COSS2744920	2014_Lung_sq_49_T	COSO29914862	COSV56098083	COSN28681389	20762358	c.1421+52C>T	p.?	intron_variant		u	5	180052817	180052817	-		COSU583		ENST00000261937.6:c.1421+52C>T	5:g.180052817G>A	G	A	Confirmed somatic variant
FLT4	COSG5045	ENST00000261937.6	COSS2744920	2014_Lung_sq_49_T	COSO29914862	COSV56098092	COSM5019235	20758859	c.1344C>T	p.Y448=	synonymous_variant		u	5	180052946	180052946	-		COSU583	ENSP00000261937.6:p.Tyr448=	ENST00000261937.6:c.1344C>T	5:g.180052946G>A	G	A	Confirmed somatic variant
FLT4	COSG5045	ENST00000261937.6	COSS2747547	GCTK_391_T	COSO36004862	COSV99987572	COSM8531659	20762380	c.2229G>A	p.A743=	synonymous_variant		u	5	180047946	180047946	-		COSU683	ENSP00000261937.6:p.Ala743=	ENST00000261937.6:c.2229G>A	5:g.180047946C>T	C	T	Confirmed somatic variant
FLT4	COSG5045	ENST00000261937.6	COSS2809971	MSU2-a	COSO28455365	COSV56125517	COSM6943983	20758531	c.1774C>T	p.R592C	missense_variant		u	5	180048788	180048788	-	26336987		ENSP00000261937.6:p.Arg592Cys	ENST00000261937.6:c.1774C>T	5:g.180048788G>A	G	A	Confirmed somatic variant
FLT4	COSG5045	ENST00000261937.6	COSS2839485	EXTERN_MELA_20140924_131	COSO32866078	COSV104563114	COSM9441550	20762444	c.1533G>A	p.V511=	synonymous_variant		u	5	180050950	180050950	-	28467829		ENSP00000261937.6:p.Val511=	ENST00000261937.6:c.1533G>A	5:g.180050950C>T	C	T	Confirmed somatic variant
FLT4	COSG5045	ENST00000261937.6	COSS2866031	APGI-AMP-2713	COSO37895278	COSV105075295	COSM9621945	20762470	c.2292C>T	p.A764=	synonymous_variant		u	5	180047883	180047883	-	26804919		ENSP00000261937.6:p.Ala764=	ENST00000261937.6:c.2292C>T	5:g.180047883G>A	G	A	Confirmed somatic variant
FLT4	COSG5045	ENST00000261937.6	COSS2869816	5-NB016-T1	COSO32665726	COSV56111694	COSM3012562	20762495	c.845G>A	p.R282Q	missense_variant		u	5	180056399	180056399	-	26950094		ENSP00000261937.6:p.Arg282Gln	ENST00000261937.6:c.845G>A	5:g.180056399C>T	C	T	Confirmed somatic variant
FLT4	COSG5045	ENST00000261937.6	COSS2121493	TCGA-HI-7168-01	COSO32054826	COSV56099825	COSM3012449	20756474	c.1941C>T	p.H647=	synonymous_variant		u	5	180048621	180048621	-		COSU435	ENSP00000261937.6:p.His647=	ENST00000261937.6:c.1941C>T	5:g.180048621G>A	G	A	Confirmed somatic variant
FLT4	COSG5045	ENST00000261937.6	COSS2121523	TCGA-D3-A2JO-06	COSO32666078	COSV56116831	COSM3614903	20762539	c.1534G>A	p.E512K	missense_variant		u	5	180050949	180050949	-		COSU540	ENSP00000261937.6:p.Glu512Lys	ENST00000261937.6:c.1534G>A	5:g.180050949C>T	C	T	Confirmed somatic variant
FLT4	COSG5045	ENST00000261937.6	COSS2121523	TCGA-D3-A2JO-06	COSO32666078	COSV56116854	COSM3614951	20762562	c.60C>G	p.G20=	splice_region_variant,synonymous_variant		u	5	180058777	180058777	-		COSU540	ENSP00000261937.6:p.Gly20=	ENST00000261937.6:c.60C>G	5:g.180058777G>C	G	C	Confirmed somatic variant
FLT4	COSG5045	ENST00000261937.6	COSS2197111	8066464	COSO29005278	COSV56112831	COSN7924983	20762579	c.58+7415C>T	p.?	intron_variant		u	5	180069073	180069073	-		COSU328		ENST00000261937.6:c.58+7415C>T	5:g.180069073G>A	G	A	Confirmed somatic variant
FLT4	COSG5045	ENST00000261937.6	COSS2294580	A673	COSO28065222	COSV56116879	COSM4585781	20762584	c.3537+1G>T	p.?	splice_donor_variant		u	5	180039505	180039505	-	25186949			ENST00000261937.6:c.3537+1G>T	5:g.180039505C>A	C	A	Variant of unknown origin
FLT4	COSG5045	ENST00000261937.6	COSS2466868	DM37	COSO329210126	COSV56102410	COSM3614948	20757967	c.360C>T	p.I120=	synonymous_variant		u	5	180057595	180057595	-	26343386		ENSP00000261937.6:p.Ile120=	ENST00000261937.6:c.360C>T	5:g.180057595G>A	G	A	Reported in another cancer sample as somatic
FLT4	COSG5045	ENST00000261937.6	COSS2488712	ATL089	COSO27985042	COSV56116948	COSM5709674	20762607	c.637C>A	p.Q213K	missense_variant		u	5	180056982	180056982	-	26437031		ENSP00000261937.6:p.Gln213Lys	ENST00000261937.6:c.637C>A	5:g.180056982G>T	G	T	Confirmed somatic variant
FLT4	COSG5045	ENST00000261937.6	COSS2633740	EOPC-159_tumor_01	COSO32054862	COSV56111301	COSN25840587	20762629	c.513+43A>C	p.?	intron_variant		u	5	180057182	180057182	-		COSU534		ENST00000261937.6:c.513+43A>C	5:g.180057182T>G	T	G	Confirmed somatic variant
FLT4	COSG5045	ENST00000261937.6	COSS2635091	Thyroid-CN-WZ030T	COSO36284862	COSV56099429	COSM6432802	20762636	c.2856G>T	p.K952N	missense_variant		u	5	180045915	180045915	-		COSU676	ENSP00000261937.6:p.Lys952Asn	ENST00000261937.6:c.2856G>T	5:g.180045915C>A	C	A	Confirmed somatic variant
FLT4	COSG5045	ENST00000261937.6	COSS2658247	T3321	COSO28864826	COSV56101603	COSM3614872	20762648	c.3410C>T	p.P1137L	missense_variant		u	5	180040032	180040032	-	27149842		ENSP00000261937.6:p.Pro1137Leu	ENST00000261937.6:c.3410C>T	5:g.180040032G>A	G	A	Confirmed somatic variant
FLT4	COSG5045	ENST00000261937.6	COSS2658247	T3321	COSO28864826	COSV56112943	COSM6665343	20762655	c.1089G>A	p.P363=	synonymous_variant		u	5	180055896	180055896	-	27149842		ENSP00000261937.6:p.Pro363=	ENST00000261937.6:c.1089G>A	5:g.180055896C>T	C	T	Confirmed somatic variant
FLT4	COSG5045	ENST00000261937.6	COSS2688110	T_CCA_CH_6	COSO27814862	COSV56097965	COSN28998965	20762674	c.58+5662dup	p.?	intron_variant		u	5	180070839	180070840	-		COSU653		ENST00000261937.6:c.58+5662dup	5:g.180070839dup		T	Confirmed somatic variant
FLT4	COSG5045	ENST00000261937.6	COSS2724829	P-0008780-T02-IM5	COSO29005278	COSV56117014	COSM6967406	20762682	c.1834A>T	p.N612Y	missense_variant	het	u	5	180048728	180048728	-	28481359		ENSP00000261937.6:p.Asn612Tyr	ENST00000261937.6:c.1834A>T	5:g.180048728T>A	T	A	Confirmed somatic variant
FLT4	COSG5045	ENST00000261937.6	COSS2726220	P-0010504-T01-IM5	COSO28696327	COSV56101237	COSM3012456	20762701	c.1900G>A	p.A634T	missense_variant	het	u	5	180048662	180048662	-	28481359		ENSP00000261937.6:p.Ala634Thr	ENST00000261937.6:c.1900G>A	5:g.180048662C>T	C	T	Confirmed somatic variant
FLT4	COSG5045	ENST00000261937.6	COSS2747628	GCYC_003_T	COSO36004862	COSV56121404	COSN30758397	20762722	c.3687-53C>T	p.?	intron_variant		u	5	180037078	180037078	-		COSU683		ENST00000261937.6:c.3687-53C>T	5:g.180037078G>A	G	A	Confirmed somatic variant
FLT4	COSG5045	ENST00000261937.6	COSS2803868	P-0013784-T01-IM5	COSO28454826	COSV56104000	COSM5996445	20758057	c.3224G>A	p.R1075Q	missense_variant	het	u	5	180041175	180041175	-	29316426		ENSP00000261937.6:p.Arg1075Gln	ENST00000261937.6:c.3224G>A	5:g.180041175C>T	C	T	Confirmed somatic variant
FLT4	COSG5045	ENST00000261937.6	COSS2829575	P-0003198-T03-IM5	COSO28395278	COSV56103609	COSM4963578	20756173	c.3460G>A	p.G1154R	missense_variant		u	5	180039583	180039583	-	30205045		ENSP00000261937.6:p.Gly1154Arg	ENST00000261937.6:c.3460G>A	5:g.180039583C>T	C	T	Confirmed somatic variant
FLT4	COSG5045	ENST00000261937.6	COSS2905563	BL-17-G46178	COSO31316078	COSV56102395	COSM5809197	20762754	c.2732A>G	p.N911S	missense_variant		u	5	180046282	180046282	-	32321774		ENSP00000261937.6:p.Asn911Ser	ENST00000261937.6:c.2732A>G	5:g.180046282T>C	T	C	Reported in another cancer sample as somatic
FLT4	COSG5045	ENST00000261937.6	COSS2856146	M19	COSO28864826	COSV56104523	COSM6912525	20762765	c.508C>T	p.R170C	missense_variant		u	5	180057230	180057230	-	30926633		ENSP00000261937.6:p.Arg170Cys	ENST00000261937.6:c.508C>T	5:g.180057230G>A	G	A	Confirmed somatic variant
FLT4	COSG5045	ENST00000261937.6	COSS2869872	5-VS042-T1	COSO32665726	COSV105074901	COSM9775912	20762778	c.3499G>A	p.E1167K	missense_variant		u	5	180039544	180039544	-	26950094		ENSP00000261937.6:p.Glu1167Lys	ENST00000261937.6:c.3499G>A	5:g.180039544C>T	C	T	Confirmed somatic variant
FLT4	COSG5045	ENST00000261937.6	COSS2902110	EOSRC-IN-2737	COSO28664826	COSV56109911	COSM2156377	20762792	c.1741G>A	p.D581N	missense_variant		u	5	180048821	180048821	-	33262464		ENSP00000261937.6:p.Asp581Asn	ENST00000261937.6:c.1741G>A	5:g.180048821C>T	C	T	Confirmed somatic variant
FLT4	COSG5045	ENST00000261937.6	COSS2905674	BL-16-M34530	COSO28864826	COSV56098049	COSM6912359	20756210	c.2851_2853del	p.E951del	inframe_deletion,splice_region_variant		u	5	180045920	180045922	-	32321774		ENSP00000261937.6:p.Glu951del	ENST00000261937.6:c.2851_2853del	5:g.180045920_180045922del	CCT		Reported in another cancer sample as somatic
FLT4	COSG5045	ENST00000261937.6	COSS2905674	BL-16-M34530	COSO28864826	COSV105855137	COSM9996253	20762829	c.2042C>T	p.T681M	missense_variant		u	5	180048231	180048231	-	32321774		ENSP00000261937.6:p.Thr681Met	ENST00000261937.6:c.2042C>T	5:g.180048231G>A	G	A	Variant of unknown origin
FLT4	COSG5045	ENST00000261937.6	COSS1779859	TCGA-B0-5701-01	COSO29645555	COSV56108806	COSM482648	20762919	c.3731C>T	p.A1244V	missense_variant		u	5	180036981	180036981	-		COSU416	ENSP00000261937.6:p.Ala1244Val	ENST00000261937.6:c.3731C>T	5:g.180036981G>A	G	A	Confirmed somatic variant
FLT4	COSG5045	ENST00000261937.6	COSS1780060	TCGA-05-4398-01	COSO29914826	COSV56116376	COSM6103622	20762937	c.478G>T	p.V160L	missense_variant		u	5	180057260	180057260	-		COSU417	ENSP00000261937.6:p.Val160Leu	ENST00000261937.6:c.478G>T	5:g.180057260C>A	C	A	Variant of unknown origin
FLT4	COSG5045	ENST00000261937.6	COSS1890926	ESO-175	COSO106214826	COSV56110764	COSM1252595	20762952	c.2336T>G	p.L779R	missense_variant		u	5	180047679	180047679	-	23525077		ENSP00000261937.6:p.Leu779Arg	ENST00000261937.6:c.2336T>G	5:g.180047679A>C	A	C	Variant of unknown origin
FLT4	COSG5045	ENST00000261937.6	COSS2194818	TCGA-55-8204-01	COSO29914826	COSV56116356	COSM3012600	20762901	c.509G>A	p.R170H	missense_variant		u	5	180057229	180057229	-		COSU417	ENSP00000261937.6:p.Arg170His	ENST00000261937.6:c.509G>A	5:g.180057229C>T	C	T	Confirmed somatic variant
FLT4	COSG5045	ENST00000261937.6	COSS2197885	TCGA-CG-4474-01	COSO36004826	COSV56116437	COSM3854337	20762989	c.3594C>G	p.S1198R	missense_variant		u	5	180038423	180038423	-		COSU541	ENSP00000261937.6:p.Ser1198Arg	ENST00000261937.6:c.3594C>G	5:g.180038423G>C	G	C	Confirmed somatic variant
FLT4	COSG5045	ENST00000261937.6	COSS2198156	TCGA-F1-6177-01	COSO36004826	COSV99986757	COSN30497871	20763020	c.*9G>A	p.?	3_prime_UTR_variant		u	5	180030183	180030183	-		COSU541		ENST00000261937.6:c.*9G>A	5:g.180030183C>T	C	T	Confirmed somatic variant
FLT4	COSG5045	ENST00000261937.6	COSS2363589	3N22-VS-3T22	COSO31394830	COSV56107596	COSM4979506	20763030	c.317C>A	p.T106K	missense_variant		u	5	180057638	180057638	-	25839328		ENSP00000261937.6:p.Thr106Lys	ENST00000261937.6:c.317C>A	5:g.180057638G>T	G	T	Confirmed somatic variant
FLT4	COSG5045	ENST00000261937.6	COSS2439354	YUPAER	COSO32666078	COSV56101161	COSM5403229	20756543	c.4033G>A	p.E1345K	missense_variant	het	u	5	180030251	180030251	-	26214590		ENSP00000261937.6:p.Glu1345Lys	ENST00000261937.6:c.4033G>A	5:g.180030251C>T	C	T	Confirmed somatic variant
FLT4	COSG5045	ENST00000261937.6	COSS2466833	35M	COSO337410126	COSV56101168	COSM3012576	20763045	c.716C>T	p.S239L	missense_variant		u	5	180056796	180056796	-	26343386		ENSP00000261937.6:p.Ser239Leu	ENST00000261937.6:c.716C>T	5:g.180056796G>A	G	A	Confirmed somatic variant
FLT4	COSG5045	ENST00000261937.6	COSS2466833	35M	COSO337410126	COSV56101197	COSM5581105	20763072	c.640G>A	p.D214N	missense_variant		u	5	180056979	180056979	-	26343386		ENSP00000261937.6:p.Asp214Asn	ENST00000261937.6:c.640G>A	5:g.180056979C>T	C	T	Confirmed somatic variant
FLT4	COSG5045	ENST00000261937.6	COSS1317020	PD4103a	COSO28395278	COSV56101324	COSN5159833	20763098	c.58+7246G>A	p.?	intron_variant		u	5	180069242	180069242	-		COSU385		ENST00000261937.6:c.58+7246G>A	5:g.180069242C>T	C	T	Confirmed somatic variant
FLT4	COSG5045	ENST00000261937.6	COSS2905462	BL-18-X25555	COSO31316078	COSV105855147	COSM9998649	20763106	c.1664C>T	p.P555L	missense_variant		u	5	180048898	180048898	-	32321774		ENSP00000261937.6:p.Pro555Leu	ENST00000261937.6:c.1664C>T	5:g.180048898G>A	G	A	Variant of unknown origin
FLT4	COSG5045	ENST00000261937.6	COSS2905478	BL-15-F27990	COSO36634862	COSV105855148	COSM9993654	20763130	c.29G>A	p.R10Q	missense_variant		u	5	180076517	180076517	-	32321774		ENSP00000261937.6:p.Arg10Gln	ENST00000261937.6:c.29G>A	5:g.180076517C>T	C	T	Variant of unknown origin
FLT4	COSG5045	ENST00000261937.6	COSS2908265	SU36_Neph_3	COSO29645555	COSV105855085	COSN32290989	20763146	c.2542+48C>A	p.?	intron_variant		u	5	180047125	180047125	-	27029034			ENST00000261937.6:c.2542+48C>A	5:g.180047125G>T	G	T	Confirmed somatic variant
FLT4	COSG5045	ENST00000261937.6	COSS2943572	333A	COSO32666078	COSV106329770	COSM10241196	20763152	c.1087C>T	p.P363S	missense_variant		u	5	180055898	180055898	-	35243413		ENSP00000261937.6:p.Pro363Ser	ENST00000261937.6:c.1087C>T	5:g.180055898G>A	G	A	Confirmed somatic variant
FLT4	COSG5045	ENST00000261937.6	COSS2943572	333A	COSO32666078	COSV106329773	COSM10241200	20763170	c.47G>A	p.G16E	missense_variant		u	5	180076499	180076499	-	35243413		ENSP00000261937.6:p.Gly16Glu	ENST00000261937.6:c.47G>A	5:g.180076499C>T	C	T	Confirmed somatic variant
FLT4	COSG5045	ENST00000261937.6	COSS2120232	SS6003308	COSO31394826	COSV56103428	COSN23502923	20763183	c.58+1261G>A	p.?	intron_variant		u	5	180075227	180075227	-		COSU535		ENST00000261937.6:c.58+1261G>A	5:g.180075227C>T	C	T	Confirmed somatic variant
FLT4	COSG5045	ENST00000261937.6	COSS2194639	TCGA-DD-A116-01	COSO29825606	COSV56116417	COSM4912212	20763193	c.2379C>G	p.L793=	synonymous_variant		u	5	180047636	180047636	-		COSU628	ENSP00000261937.6:p.Leu793=	ENST00000261937.6:c.2379C>G	5:g.180047636G>C	G	C	Confirmed somatic variant
FLT4	COSG5045	ENST00000261937.6	COSS2263462	SNUH_G76_S1	COSO27984905	COSV56099233	COSN17150315	20756490	c.3807+34G>C	p.?	intron_variant		u	5	180036871	180036871	-		COSU544		ENST00000261937.6:c.3807+34G>C	5:g.180036871C>G	C	G	Confirmed somatic variant
FLT4	COSG5045	ENST00000261937.6	COSS2263462	SNUH_G76_S1	COSO27984905	COSV56097287	COSN32290962	20757953	c.3220-29A>G	p.?	intron_variant		u	5	180041208	180041208	-		COSU544		ENST00000261937.6:c.3220-29A>G	5:g.180041208T>C	T	C	Confirmed somatic variant
FLT4	COSG5045	ENST00000261937.6	COSS2263462	SNUH_G76_S1	COSO27984905	COSV56099249	COSM3761170	20756492	c.3198C>T	p.P1066=	synonymous_variant		u	5	180043388	180043388	-		COSU544	ENSP00000261937.6:p.Pro1066=	ENST00000261937.6:c.3198C>T	5:g.180043388G>A	G	A	Confirmed somatic variant
FLT4	COSG5045	ENST00000261937.6	COSS2263462	SNUH_G76_S1	COSO27984905	COSV56099311	COSN17150619	20756502	c.1258+21C>T	p.?	intron_variant		u	5	180053090	180053090	-		COSU544		ENST00000261937.6:c.1258+21C>T	5:g.180053090G>A	G	A	Confirmed somatic variant
FLT4	COSG5045	ENST00000261937.6	COSS2263462	SNUH_G76_S1	COSO27984905	COSV56110051	COSN14994987	20760758	c.1258+14G>A	p.?	intron_variant		u	5	180053097	180053097	-		COSU544		ENST00000261937.6:c.1258+14G>A	5:g.180053097C>T	C	T	Confirmed somatic variant
FLT4	COSG5045	ENST00000261937.6	COSS2263462	SNUH_G76_S1	COSO27984905	COSV56102210	COSN15315200	20763254	c.986-45C>T	p.?	intron_variant		u	5	180056044	180056044	-		COSU544		ENST00000261937.6:c.986-45C>T	5:g.180056044G>A	G	A	Confirmed somatic variant
FLT4	COSG5045	ENST00000261937.6	COSS2296168	T3064	COSO28614826	COSV56110115	COSM4685058	20763261	c.2673C>T	p.R891=	synonymous_variant		u	5	180046341	180046341	-	25344691		ENSP00000261937.6:p.Arg891=	ENST00000261937.6:c.2673C>T	5:g.180046341G>A	G	A	Confirmed somatic variant
FLT4	COSG5045	ENST00000261937.6	COSS2340023	TCGA-S9-A89V-01	COSO28245257	COSV99987503	COSM8269473	20763278	c.3654G>A	p.P1218=	synonymous_variant		u	5	180038363	180038363	-		COSU545	ENSP00000261937.6:p.Pro1218=	ENST00000261937.6:c.3654G>A	5:g.180038363C>T	C	T	Confirmed somatic variant
FLT4	COSG5045	ENST00000261937.6	COSS2457550	0038_CRUK_PC_0038_T1_DNA	COSO32054826	COSV56115546	COSN19553984	20763289	c.59-4498G>T	p.?	intron_variant		u	5	180063276	180063276	-		COSU538		ENST00000261937.6:c.59-4498G>T	5:g.180063276C>A	C	A	Confirmed somatic variant
FLT4	COSG5045	ENST00000261937.6	COSS2479521	ESCC_10	COSO31394830	COSV56103561	COSM1066841	20757020	c.265G>A	p.A89T	missense_variant		u	5	180057690	180057690	-	26873401		ENSP00000261937.6:p.Ala89Thr	ENST00000261937.6:c.265G>A	5:g.180057690C>T	C	T	Confirmed somatic variant
FLT4	COSG5045	ENST00000261937.6	COSS2539216	AYA07	COSO54225824	COSV56110428	COSM5968090	20763306	c.2313G>T	p.K771N	missense_variant		u	5	180047702	180047702	-	26925973		ENSP00000261937.6:p.Lys771Asn	ENST00000261937.6:c.2313G>T	5:g.180047702C>A	C	A	Confirmed somatic variant
FLT4	COSG5045	ENST00000261937.6	COSS2634253	CHG-19T	COSO29824888	COSV56097232	COSN16285311	20757202	c.3220-63A>G	p.?	intron_variant		u	5	180041242	180041242	-		COSU660		ENST00000261937.6:c.3220-63A>G	5:g.180041242T>C	T	C	Confirmed somatic variant
FLT4	COSG5045	ENST00000261937.6	COSS2635050	0226_CRUK_PC_0226_T1_DNA	COSO32054826	COSV56111311	COSN26191702	20763327	c.3219+866G>A	p.?	intron_variant		u	5	180042501	180042501	-		COSU538		ENST00000261937.6:c.3219+866G>A	5:g.180042501C>T	C	T	Confirmed somatic variant
FLT4	COSG5045	ENST00000261937.6	COSS2634046	CHC2432T	COSO29825602	COSV56116993	COSN26459093	20767268	c.59-1749C>T	p.?	intron_variant		u	5	180060527	180060527	-		COSU647		ENST00000261937.6:c.59-1749C>T	5:g.180060527G>A	G	A	Confirmed somatic variant
FLT4	COSG5045	ENST00000261937.6	COSS2634959	0155_CRUK_PC_0155_T1_DNA	COSO32054826	COSV56111311	COSN26191702	20763327	c.3219+866G>A	p.?	intron_variant		u	5	180042501	180042501	-		COSU538		ENST00000261937.6:c.3219+866G>A	5:g.180042501C>T	C	T	Confirmed somatic variant
FLT4	COSG5045	ENST00000261937.6	COSS2666598	OSC4-Ascites	COSO30135468	COSV56099492	COSM6843557	20767284	c.1038G>C	p.T346=	synonymous_variant		u	5	180055947	180055947	-	27741368		ENSP00000261937.6:p.Thr346=	ENST00000261937.6:c.1038G>C	5:g.180055947C>G	C	G	Confirmed somatic variant
FLT4	COSG5045	ENST00000261937.6	COSS2688088	T_CCA_SG_15	COSO27814862	COSV56112523	COSN27211665	20767302	c.3220-143_3220-142del	p.?	intron_variant		u	5	180041321	180041322	-		COSU653		ENST00000261937.6:c.3220-143_3220-142del	5:g.180041321_180041322del	AA		Confirmed somatic variant
FLT4	COSG5045	ENST00000261937.6	COSS2745678	1T38	COSO31394862	COSV56104463	COSM4975170	20756304	c.1229G>A	p.R410H	missense_variant		u	5	180053140	180053140	-		COSU582	ENSP00000261937.6:p.Arg410His	ENST00000261937.6:c.1229G>A	5:g.180053140C>T	C	T	Confirmed somatic variant
FLT4	COSG5045	ENST00000261937.6	COSS2813603	C26CA	COSO28694826	COSV104563192	COSM9225563	20767323	c.1542G>C	p.K514N	missense_variant		u	5	180050941	180050941	-	29967250		ENSP00000261937.6:p.Lys514Asn	ENST00000261937.6:c.1542G>C	5:g.180050941C>G	C	G	Confirmed somatic variant
FLT4	COSG5045	ENST00000261937.6	COSS2869829	5-VS009-T1	COSO32665726	COSV105075335	COSM9675724	20767335	c.102C>T	p.I34=	synonymous_variant		u	5	180058735	180058735	-	26950094		ENSP00000261937.6:p.Ile34=	ENST00000261937.6:c.102C>T	5:g.180058735G>A	G	A	Confirmed somatic variant
FLT4	COSG5045	ENST00000261937.6	COSS2869834	5-VS013-T1	COSO32665726	COSV105075325	COSM9688381	20767345	c.487C>T	p.P163S	missense_variant		u	5	180057251	180057251	-	26950094		ENSP00000261937.6:p.Pro163Ser	ENST00000261937.6:c.487C>T	5:g.180057251G>A	G	A	Confirmed somatic variant
FLT4	COSG5045	ENST00000261937.6	COSS2905424	BL-17-G24127	COSO31316078	COSV56104463	COSM4975170	20756304	c.1229G>A	p.R410H	missense_variant		u	5	180053140	180053140	-	32321774		ENSP00000261937.6:p.Arg410His	ENST00000261937.6:c.1229G>A	5:g.180053140C>T	C	T	Reported in another cancer sample as somatic
